s00_empty	run/debug/profiling/2026-08-27_09_53_43-Minecraft Server-1_20_1.zip	PERF-VERIFY total=0 powered=0 doorsOpen=0 landed=0 locked=0 siege=0 shields=0 alarm=0
s01_one_shut	run/debug/profiling/2026-08-27_09_54_13-Minecraft Server-1_20_1.zip	PERF-VERIFY total=1 powered=1 doorsOpen=0 landed=1 locked=0 siege=0 shields=0 alarm=0
s02_one_open	run/debug/profiling/2026-08-27_09_54_42-Minecraft Server-1_20_1.zip	PERF-VERIFY total=1 powered=1 doorsOpen=1 landed=1 locked=0 siege=0 shields=0 alarm=0
s03_five_open	run/debug/profiling/2026-08-27_09_55_16-Minecraft Server-1_20_1.zip	PERF-VERIFY total=5 powered=5 doorsOpen=5 landed=5 locked=0 siege=0 shields=0 alarm=0
s04_twenty_open	run/debug/profiling/2026-08-27_09_55_53-Minecraft Server-1_20_1.zip	PERF-VERIFY total=20 powered=20 doorsOpen=1 landed=20 locked=0 siege=0 shields=0 alarm=0
s05_twenty_far	run/debug/profiling/2026-08-27_09_56_31-Minecraft Server-1_20_1.zip	PERF-VERIFY total=20 powered=20 doorsOpen=9 landed=20 locked=0 siege=0 shields=0 alarm=0
s06_interior_console	run/debug/profiling/2026-08-27_09_57_39-Minecraft Server-1_20_1.zip	PERF-VERIFY total=1 powered=1 doorsOpen=1 landed=1 locked=0 siege=0 shields=0 alarm=0
s07_interior_away	run/debug/profiling/2026-08-27_09_58_04-Minecraft Server-1_20_1.zip	PERF-VERIFY total=1 powered=1 doorsOpen=1 landed=1 locked=0 siege=0 shields=0 alarm=0
s08_vortex_flight	run/debug/profiling/2026-08-27_09_58_28-Minecraft Server-1_20_1.zip	PERF-VERIFY total=1 powered=1 doorsOpen=1 landed=0 locked=0 siege=0 shields=0 alarm=0
s09_exterior_back	run/debug/profiling/2026-08-27_09_59_01-Minecraft Server-1_20_1.zip	PERF-VERIFY total=1 powered=1 doorsOpen=1 landed=1 locked=0 siege=0 shields=0 alarm=0
s10_unlinked	run/debug/profiling/2026-08-27_09_59_32-Minecraft Server-1_20_1.zip	PERF-VERIFY total=0 powered=0 doorsOpen=0 landed=0 locked=0 siege=0 shields=0 alarm=0
s11_siege	run/debug/profiling/2026-08-27_10_00_08-Minecraft Server-1_20_1.zip	PERF-VERIFY total=5 powered=0 doorsOpen=0 landed=5 locked=5 siege=5 shields=0 alarm=0
s12_shields	run/debug/profiling/2026-08-27_10_00_43-Minecraft Server-1_20_1.zip	PERF-VERIFY total=5 powered=5 doorsOpen=5 landed=5 locked=0 siege=0 shields=5 alarm=0
s13_alarm	run/debug/profiling/2026-08-27_10_01_19-Minecraft Server-1_20_1.zip	PERF-VERIFY total=5 powered=5 doorsOpen=5 landed=5 locked=0 siege=0 shields=0 alarm=5
s14_nopower	run/debug/profiling/2026-08-27_10_01_42-Minecraft Server-1_20_1.zip	PERF-VERIFY total=5 powered=0 doorsOpen=5 landed=5 locked=0 siege=0 shields=0 alarm=0
s15_coral	run/debug/profiling/2026-08-27_10_02_18-Minecraft Server-1_20_1.zip	PERF-VERIFY total=5 powered=5 doorsOpen=5 landed=5 locked=0 siege=0 shields=0 alarm=0
s16_doom	run/debug/profiling/2026-08-27_10_02_53-Minecraft Server-1_20_1.zip	PERF-VERIFY total=5 powered=5 doorsOpen=5 landed=5 locked=0 siege=0 shields=0 alarm=0
s17_paintings	run/debug/profiling/2026-08-27_10_03_27-Minecraft Server-1_20_1.zip	PERF-VERIFY total=0 powered=0 doorsOpen=0 landed=0 locked=0 siege=0 shields=0 alarm=0
s18_forty_open	run/debug/profiling/2026-08-27_10_04_10-Minecraft Server-1_20_1.zip	PERF-VERIFY total=40 powered=40 doorsOpen=0 landed=40 locked=9 siege=0 shields=0 alarm=9
s19_rift	run/debug/profiling/2026-08-27_10_04_44-Minecraft Server-1_20_1.zip	PERF-VERIFY total=0 powered=0 doorsOpen=0 landed=0 locked=0 siege=0 shields=0 alarm=0
